date,demand,day_of_week,day_name,month,is_weekend,is_holiday,base_demand,seasonal_component,weekly_component
2024-01-01,47,0,Monday,1,0,0,30.0,15.0,0.0
2024-01-02,51,1,Tuesday,1,0,0,30.0,15.0,6.3
2024-01-03,56,2,Wednesday,1,0,0,30.0,15.0,7.8
2024-01-04,56,3,Thursday,1,0,0,30.0,15.0,3.5
2024-01-05,40,4,Friday,1,0,0,30.0,15.0,-3.5
2024-01-06,36,5,Saturday,1,1,0,30.0,14.9,-7.8
2024-01-07,47,6,Sunday,1,1,0,30.1,14.9,-6.3
2024-01-08,49,0,Monday,1,0,0,30.1,14.9,-0.0
2024-01-09,49,1,Tuesday,1,0,0,30.1,14.9,6.3
2024-01-10,55,2,Wednesday,1,0,0,30.1,14.8,7.8
2024-01-11,46,3,Thursday,1,0,0,30.1,14.8,3.5
2024-01-12,39,4,Friday,1,0,0,30.1,14.7,-3.5
2024-01-13,38,5,Saturday,1,1,0,30.1,14.7,-7.8
2024-01-14,29,6,Sunday,1,1,0,30.1,14.6,-6.3
2024-01-15,36,0,Monday,1,0,0,30.1,14.6,-0.0
2024-01-16,48,1,Tuesday,1,0,0,30.2,14.5,6.3
2024-01-17,47,2,Wednesday,1,0,0,30.2,14.4,7.8
2024-01-18,50,3,Thursday,1,0,0,30.2,14.4,3.5
2024-01-19,36,4,Friday,1,0,0,30.2,14.3,-3.5
2024-01-20,55,5,Saturday,1,1,1,30.2,14.2,-7.8
2024-01-21,70,6,Sunday,1,1,1,30.2,14.1,-6.3
2024-01-22,68,0,Monday,1,0,1,30.2,14.0,-0.0
2024-01-23,76,1,Tuesday,1,0,1,30.2,13.9,6.3
2024-01-24,70,2,Wednesday,1,0,1,30.2,13.8,7.8
2024-01-25,70,3,Thursday,1,0,1,30.2,13.7,3.5
2024-01-26,66,4,Friday,1,0,1,30.2,13.6,-3.5
2024-01-27,55,5,Saturday,1,1,1,30.3,13.5,-7.8
2024-01-28,64,6,Sunday,1,1,1,30.3,13.4,-6.3
2024-01-29,66,0,Monday,1,0,1,30.3,13.3,-0.0
2024-01-30,73,1,Tuesday,1,0,1,30.3,13.2,6.3
2024-01-31,73,2,Wednesday,1,0,1,30.3,13.0,7.8
2024-02-01,76,3,Thursday,2,0,1,30.3,12.9,3.5
2024-02-02,60,4,Friday,2,0,1,30.3,12.8,-3.5
2024-02-03,50,5,Saturday,2,1,1,30.3,12.6,-7.8
2024-02-04,61,6,Sunday,2,1,1,30.3,12.5,-6.3
2024-02-05,57,0,Monday,2,0,1,30.4,12.4,-0.0
2024-02-06,70,1,Tuesday,2,0,1,30.4,12.2,6.3
2024-02-07,60,2,Wednesday,2,0,1,30.4,12.1,7.8
2024-02-08,59,3,Thursday,2,0,1,30.4,11.9,3.5
2024-02-09,60,4,Friday,2,0,1,30.4,11.7,-3.5
2024-02-10,58,5,Saturday,2,1,1,30.4,11.6,-7.8
2024-02-11,36,6,Sunday,2,1,0,30.4,11.4,-6.3
2024-02-12,41,0,Monday,2,0,0,30.4,11.2,-0.0
2024-02-13,46,1,Tuesday,2,0,0,30.4,11.1,6.3
2024-02-14,42,2,Wednesday,2,0,0,30.4,10.9,7.8
2024-02-15,41,3,Thursday,2,0,0,30.4,10.7,3.5
2024-02-16,35,4,Friday,2,0,0,30.5,10.5,-3.5
2024-02-17,38,5,Saturday,2,1,0,30.5,10.4,-7.8
2024-02-18,36,6,Sunday,2,1,0,30.5,10.2,-6.3
2024-02-19,32,0,Monday,2,0,0,30.5,10.0,-0.0
2024-02-20,48,1,Tuesday,2,0,0,30.5,9.8,6.3
2024-02-21,46,2,Wednesday,2,0,0,30.5,9.6,7.8
2024-02-22,40,3,Thursday,2,0,0,30.5,9.4,3.5
2024-02-23,39,4,Friday,2,0,0,30.5,9.2,-3.5
2024-02-24,37,5,Saturday,2,1,0,30.5,9.0,-7.8
2024-02-25,38,6,Sunday,2,1,0,30.6,8.8,-6.3
2024-02-26,35,0,Monday,2,0,0,30.6,8.6,-0.0
2024-02-27,44,1,Tuesday,2,0,0,30.6,8.3,6.3
2024-02-28,48,2,Wednesday,2,0,0,30.6,8.1,7.8
2024-02-29,47,3,Thursday,2,0,0,30.6,7.9,3.5
2024-03-01,32,4,Friday,3,0,0,30.6,7.7,-3.5
2024-03-02,29,5,Saturday,3,1,0,30.6,7.5,-7.8
2024-03-03,26,6,Sunday,3,1,0,30.6,7.2,-6.3
2024-03-04,32,0,Monday,3,0,0,30.6,7.0,-0.0
2024-03-05,48,1,Tuesday,3,0,0,30.6,6.8,6.3
2024-03-06,52,2,Wednesday,3,0,0,30.6,6.5,7.8
2024-03-07,40,3,Thursday,3,0,0,30.7,6.3,3.5
2024-03-08,38,4,Friday,3,0,0,30.7,6.1,-3.5
2024-03-09,31,5,Saturday,3,1,0,30.7,5.8,-7.8
2024-03-10,27,6,Sunday,3,1,0,30.7,5.6,-6.3
2024-03-11,38,0,Monday,3,0,0,30.7,5.4,-0.0
2024-03-12,50,1,Tuesday,3,0,0,30.7,5.1,6.3
2024-03-13,43,2,Wednesday,3,0,0,30.7,4.9,7.8
2024-03-14,47,3,Thursday,3,0,0,30.7,4.6,3.5
2024-03-15,19,4,Friday,3,0,0,30.7,4.4,-3.5
2024-03-16,31,5,Saturday,3,1,0,30.8,4.1,-7.8
2024-03-17,29,6,Sunday,3,1,0,30.8,3.9,-6.3
2024-03-18,33,0,Monday,3,0,0,30.8,3.6,0.0
2024-03-19,41,1,Tuesday,3,0,0,30.8,3.4,6.3
2024-03-20,32,2,Wednesday,3,0,0,30.8,3.1,7.8
2024-03-21,36,3,Thursday,3,0,0,30.8,2.9,3.5
2024-03-22,32,4,Friday,3,0,0,30.8,2.6,-3.5
2024-03-23,33,5,Saturday,3,1,0,30.8,2.4,-7.8
2024-03-24,24,6,Sunday,3,1,0,30.8,2.1,-6.3
2024-03-25,29,0,Monday,3,0,0,30.8,1.9,-0.0
2024-03-26,36,1,Tuesday,3,0,0,30.8,1.6,6.3
2024-03-27,45,2,Wednesday,3,0,0,30.9,1.4,7.8
2024-03-28,37,3,Thursday,3,0,0,30.9,1.1,3.5
2024-03-29,26,4,Friday,3,0,0,30.9,0.8,-3.5
2024-03-30,26,5,Saturday,3,1,0,30.9,0.6,-7.8
2024-03-31,25,6,Sunday,3,1,0,30.9,0.3,-6.3
2024-04-01,36,0,Monday,4,0,0,30.9,0.1,-0.0
2024-04-02,33,1,Tuesday,4,0,0,30.9,-0.2,6.3
2024-04-03,37,2,Wednesday,4,0,0,30.9,-0.5,7.8
2024-04-04,32,3,Thursday,4,0,0,30.9,-0.7,3.5
2024-04-05,19,4,Friday,4,0,0,31.0,-1.0,-3.5
2024-04-06,23,5,Saturday,4,1,0,31.0,-1.2,-7.8
2024-04-07,25,6,Sunday,4,1,0,31.0,-1.5,-6.3
2024-04-08,29,0,Monday,4,0,0,31.0,-1.7,-0.0
2024-04-09,34,1,Tuesday,4,0,0,31.0,-2.0,6.3
2024-04-10,29,2,Wednesday,4,0,0,31.0,-2.3,7.8
2024-04-11,30,3,Thursday,4,0,0,31.0,-2.5,3.5
2024-04-12,23,4,Friday,4,0,0,31.0,-2.8,-3.5
2024-04-13,16,5,Saturday,4,1,0,31.0,-3.0,-7.8
2024-04-14,21,6,Sunday,4,1,0,31.0,-3.3,-6.3
2024-04-15,30,0,Monday,4,0,0,31.0,-3.5,0.0
2024-04-16,43,1,Tuesday,4,0,0,31.1,-3.8,6.3
2024-04-17,36,2,Wednesday,4,0,0,31.1,-4.0,7.8
2024-04-18,32,3,Thursday,4,0,0,31.1,-4.3,3.5
2024-04-19,23,4,Friday,4,0,0,31.1,-4.5,-3.5
2024-04-20,9,5,Saturday,4,1,0,31.1,-4.8,-7.8
2024-04-21,20,6,Sunday,4,1,0,31.1,-5.0,-6.3
2024-04-22,26,0,Monday,4,0,0,31.1,-5.2,-0.0
2024-04-23,44,1,Tuesday,4,0,0,31.1,-5.5,6.3
2024-04-24,32,2,Wednesday,4,0,0,31.1,-5.7,7.8
2024-04-25,30,3,Thursday,4,0,0,31.2,-6.0,3.5
2024-04-26,21,4,Friday,4,0,0,31.2,-6.2,-3.5
2024-04-27,11,5,Saturday,4,1,0,31.2,-6.4,-7.8
2024-04-28,24,6,Sunday,4,1,0,31.2,-6.7,-6.3
2024-04-29,28,0,Monday,4,0,0,31.2,-6.9,-0.0
2024-04-30,34,1,Tuesday,4,0,0,31.2,-7.1,6.3
2024-05-01,27,2,Wednesday,5,0,0,31.2,-7.4,7.8
2024-05-02,34,3,Thursday,5,0,0,31.2,-7.6,3.5
2024-05-03,13,4,Friday,5,0,0,31.2,-7.8,-3.5
2024-05-04,18,5,Saturday,5,1,0,31.2,-8.0,-7.8
2024-05-05,28,6,Sunday,5,1,0,31.2,-8.2,-6.3
2024-05-06,18,0,Monday,5,0,0,31.3,-8.4,-0.0
2024-05-07,26,1,Tuesday,5,0,0,31.3,-8.7,6.3
2024-05-08,31,2,Wednesday,5,0,0,31.3,-8.9,7.8
2024-05-09,23,3,Thursday,5,0,0,31.3,-9.1,3.5
2024-05-10,11,4,Friday,5,0,0,31.3,-9.3,-3.5
2024-05-11,14,5,Saturday,5,1,0,31.3,-9.5,-7.8
2024-05-12,10,6,Sunday,5,1,0,31.3,-9.7,-6.3
2024-05-13,24,0,Monday,5,0,0,31.3,-9.9,0.0
2024-05-14,23,1,Tuesday,5,0,0,31.3,-10.1,6.3
2024-05-15,37,2,Wednesday,5,0,0,31.4,-10.3,7.8
2024-05-16,20,3,Thursday,5,0,0,31.4,-10.4,3.5
2024-05-17,16,4,Friday,5,0,0,31.4,-10.6,-3.5
2024-05-18,17,5,Saturday,5,1,0,31.4,-10.8,-7.8
2024-05-19,8,6,Sunday,5,1,0,31.4,-11.0,-6.3
2024-05-20,21,0,Monday,5,0,0,31.4,-11.2,-0.0
2024-05-21,33,1,Tuesday,5,0,0,31.4,-11.3,6.3
2024-05-22,20,2,Wednesday,5,0,0,31.4,-11.5,7.8
2024-05-23,24,3,Thursday,5,0,0,31.4,-11.7,3.5
2024-05-24,17,4,Friday,5,0,0,31.4,-11.8,-3.5
2024-05-25,16,5,Saturday,5,1,0,31.4,-12.0,-7.8
2024-05-26,7,6,Sunday,5,1,0,31.5,-12.1,-6.3
2024-05-27,13,0,Monday,5,0,0,31.5,-12.3,0.0
2024-05-28,28,1,Tuesday,5,0,0,31.5,-12.4,6.3
2024-05-29,28,2,Wednesday,5,0,0,31.5,-12.6,7.8
2024-05-30,24,3,Thursday,5,0,0,31.5,-12.7,3.5
2024-05-31,17,4,Friday,5,0,0,31.5,-12.8,-3.5
2024-06-01,7,5,Saturday,6,1,0,31.5,-13.0,-7.8
2024-06-02,13,6,Sunday,6,1,0,31.5,-13.1,-6.3
2024-06-03,20,0,Monday,6,0,0,31.5,-13.2,0.0
2024-06-04,21,1,Tuesday,6,0,0,31.6,-13.4,6.3
2024-06-05,35,2,Wednesday,6,0,0,31.6,-13.5,7.8
2024-06-06,24,3,Thursday,6,0,0,31.6,-13.6,3.5
2024-06-07,8,4,Friday,6,0,0,31.6,-13.7,-3.5
2024-06-08,13,5,Saturday,6,1,0,31.6,-13.8,-7.8
2024-06-09,7,6,Sunday,6,1,0,31.6,-13.9,-6.3
2024-06-10,22,0,Monday,6,0,0,31.6,-14.0,-0.0
2024-06-11,30,1,Tuesday,6,0,0,31.6,-14.1,6.3
2024-06-12,21,2,Wednesday,6,0,0,31.6,-14.2,7.8
2024-06-13,26,3,Thursday,6,0,0,31.6,-14.2,3.5
2024-06-14,16,4,Friday,6,0,0,31.6,-14.3,-3.5
2024-06-15,29,5,Saturday,6,1,1,31.7,-14.4,-7.8
2024-06-16,35,6,Sunday,6,1,1,31.7,-14.5,-6.3
2024-06-17,31,0,Monday,6,0,1,31.7,-14.5,-0.0
2024-06-18,35,1,Tuesday,6,0,1,31.7,-14.6,6.3
2024-06-19,35,2,Wednesday,6,0,1,31.7,-14.7,7.8
2024-06-20,31,3,Thursday,6,0,1,31.7,-14.7,3.5
2024-06-21,13,4,Friday,6,0,0,31.7,-14.8,-3.5
2024-06-22,11,5,Saturday,6,1,0,31.7,-14.8,-7.8
2024-06-23,12,6,Sunday,6,1,0,31.7,-14.8,-6.3
2024-06-24,21,0,Monday,6,0,0,31.8,-14.9,-0.0
2024-06-25,23,1,Tuesday,6,0,0,31.8,-14.9,6.3
2024-06-26,32,2,Wednesday,6,0,0,31.8,-14.9,7.8
2024-06-27,19,3,Thursday,6,0,0,31.8,-15.0,3.5
2024-06-28,27,4,Friday,6,0,0,31.8,-15.0,-3.5
2024-06-29,12,5,Saturday,6,1,0,31.8,-15.0,-7.8
2024-06-30,6,6,Sunday,6,1,0,31.8,-15.0,-6.3
2024-07-01,11,0,Monday,7,0,0,31.8,-15.0,-0.0
2024-07-02,25,1,Tuesday,7,0,0,31.8,-15.0,6.3
2024-07-03,24,2,Wednesday,7,0,0,31.8,-15.0,7.8
2024-07-04,24,3,Thursday,7,0,0,31.8,-15.0,3.5
2024-07-05,16,4,Friday,7,0,0,31.9,-15.0,-3.5
2024-07-06,9,5,Saturday,7,1,0,31.9,-15.0,-7.8
2024-07-07,6,6,Sunday,7,1,0,31.9,-14.9,-6.3
2024-07-08,9,0,Monday,7,0,0,31.9,-14.9,0.0
2024-07-09,21,1,Tuesday,7,0,0,31.9,-14.9,6.3
2024-07-10,29,2,Wednesday,7,0,0,31.9,-14.8,7.8
2024-07-11,22,3,Thursday,7,0,0,31.9,-14.8,3.5
2024-07-12,7,4,Friday,7,0,0,31.9,-14.8,-3.5
2024-07-13,10,5,Saturday,7,1,0,31.9,-14.7,-7.8
2024-07-14,13,6,Sunday,7,1,0,32.0,-14.7,-6.3
2024-07-15,13,0,Monday,7,0,0,32.0,-14.6,-0.0
2024-07-16,24,1,Tuesday,7,0,0,32.0,-14.5,6.3
2024-07-17,26,2,Wednesday,7,0,0,32.0,-14.5,7.8
2024-07-18,15,3,Thursday,7,0,0,32.0,-14.4,3.5
2024-07-19,16,4,Friday,7,0,0,32.0,-14.3,-3.5
2024-07-20,13,5,Saturday,7,1,0,32.0,-14.2,-7.8
2024-07-21,17,6,Sunday,7,1,0,32.0,-14.2,-6.3
2024-07-22,23,0,Monday,7,0,0,32.0,-14.1,0.0
2024-07-23,17,1,Tuesday,7,0,0,32.0,-14.0,6.3
2024-07-24,21,2,Wednesday,7,0,0,32.0,-13.9,7.8
2024-07-25,24,3,Thursday,7,0,0,32.1,-13.8,3.5
2024-07-26,17,4,Friday,7,0,0,32.1,-13.7,-3.5
2024-07-27,13,5,Saturday,7,1,0,32.1,-13.6,-7.8
2024-07-28,32,6,Sunday,7,1,0,32.1,-13.5,-6.3
2024-07-29,22,0,Monday,7,0,0,32.1,-13.4,0.0
2024-07-30,31,1,Tuesday,7,0,0,32.1,-13.2,6.3
2024-07-31,32,2,Wednesday,7,0,0,32.1,-13.1,7.8
2024-08-01,26,3,Thursday,8,0,0,32.1,-13.0,3.5
2024-08-02,14,4,Friday,8,0,0,32.1,-12.8,-3.5
2024-08-03,15,5,Saturday,8,1,0,32.2,-12.7,-7.8
2024-08-04,9,6,Sunday,8,1,0,32.2,-12.6,-6.3
2024-08-05,19,0,Monday,8,0,0,32.2,-12.4,-0.0
2024-08-06,24,1,Tuesday,8,0,0,32.2,-12.3,6.3
2024-08-07,28,2,Wednesday,8,0,0,32.2,-12.1,7.8
2024-08-08,35,3,Thursday,8,0,0,32.2,-12.0,3.5
2024-08-09,8,4,Friday,8,0,0,32.2,-11.8,-3.5
2024-08-10,16,5,Saturday,8,1,0,32.2,-11.7,-7.8
2024-08-11,6,6,Sunday,8,1,0,32.2,-11.5,-6.3
2024-08-12,19,0,Monday,8,0,0,32.2,-11.3,-0.0
2024-08-13,33,1,Tuesday,8,0,0,32.2,-11.2,6.3
2024-08-14,29,2,Wednesday,8,0,0,32.3,-11.0,7.8
2024-08-15,20,3,Thursday,8,0,0,32.3,-10.8,3.5
2024-08-16,15,4,Friday,8,0,0,32.3,-10.6,-3.5
2024-08-17,17,5,Saturday,8,1,0,32.3,-10.4,-7.8
2024-08-18,12,6,Sunday,8,1,0,32.3,-10.3,-6.3
2024-08-19,23,0,Monday,8,0,0,32.3,-10.1,-0.0
2024-08-20,29,1,Tuesday,8,0,0,32.3,-9.9,6.3
2024-08-21,27,2,Wednesday,8,0,0,32.3,-9.7,7.8
2024-08-22,37,3,Thursday,8,0,0,32.3,-9.5,3.5
2024-08-23,23,4,Friday,8,0,0,32.4,-9.3,-3.5
2024-08-24,5,5,Saturday,8,1,0,32.4,-9.1,-7.8
2024-08-25,18,6,Sunday,8,1,0,32.4,-8.9,-6.3
2024-08-26,20,0,Monday,8,0,0,32.4,-8.7,-0.0
2024-08-27,34,1,Tuesday,8,0,0,32.4,-8.4,6.3
2024-08-28,28,2,Wednesday,8,0,0,32.4,-8.2,7.8
2024-08-29,27,3,Thursday,8,0,0,32.4,-8.0,3.5
2024-08-30,24,4,Friday,8,0,0,32.4,-7.8,-3.5
2024-08-31,21,5,Saturday,8,1,0,32.4,-7.6,-7.8
2024-09-01,13,6,Sunday,9,1,0,32.4,-7.4,-6.3
2024-09-02,24,0,Monday,9,0,0,32.4,-7.1,-0.0
2024-09-03,29,1,Tuesday,9,0,0,32.5,-6.9,6.3
2024-09-04,30,2,Wednesday,9,0,0,32.5,-6.7,7.8
2024-09-05,38,3,Thursday,9,0,0,32.5,-6.4,3.5
2024-09-06,25,4,Friday,9,0,0,32.5,-6.2,-3.5
2024-09-07,12,5,Saturday,9,1,0,32.5,-6.0,-7.8
2024-09-08,25,6,Sunday,9,1,0,32.5,-5.7,-6.3
2024-09-09,38,0,Monday,9,0,0,32.5,-5.5,-0.0
2024-09-10,39,1,Tuesday,9,0,0,32.5,-5.2,6.3
2024-09-11,28,2,Wednesday,9,0,0,32.5,-5.0,7.8
2024-09-12,29,3,Thursday,9,0,0,32.6,-4.8,3.5
2024-09-13,31,4,Friday,9,0,0,32.6,-4.5,-3.5
2024-09-14,17,5,Saturday,9,1,0,32.6,-4.3,-7.8
2024-09-15,25,6,Sunday,9,1,0,32.6,-4.0,-6.3
2024-09-16,33,0,Monday,9,0,0,32.6,-3.8,-0.0
2024-09-17,31,1,Tuesday,9,0,0,32.6,-3.5,6.3
2024-09-18,37,2,Wednesday,9,0,0,32.6,-3.3,7.8
2024-09-19,17,3,Thursday,9,0,0,32.6,-3.0,3.5
2024-09-20,21,4,Friday,9,0,0,32.6,-2.8,-3.5
2024-09-21,21,5,Saturday,9,1,0,32.6,-2.5,-7.8
2024-09-22,18,6,Sunday,9,1,0,32.6,-2.3,-6.3
2024-09-23,39,0,Monday,9,0,0,32.7,-2.0,0.0
2024-09-24,30,1,Tuesday,9,0,0,32.7,-1.7,6.3
2024-09-25,37,2,Wednesday,9,0,0,32.7,-1.5,7.8
2024-09-26,36,3,Thursday,9,0,0,32.7,-1.2,3.5
2024-09-27,35,4,Friday,9,0,0,32.7,-1.0,-3.5
2024-09-28,17,5,Saturday,9,1,0,32.7,-0.7,-7.8
2024-09-29,32,6,Sunday,9,1,0,32.7,-0.5,-6.3
2024-09-30,33,0,Monday,9,0,0,32.7,-0.2,0.0
2024-10-01,34,1,Tuesday,10,0,0,32.7,0.1,6.3
2024-10-02,43,2,Wednesday,10,0,0,32.8,0.3,7.8
2024-10-03,38,3,Thursday,10,0,0,32.8,0.6,3.5
2024-10-04,27,4,Friday,10,0,0,32.8,0.8,-3.5
2024-10-05,26,5,Saturday,10,1,0,32.8,1.1,-7.8
2024-10-06,26,6,Sunday,10,1,0,32.8,1.4,-6.3
2024-10-07,35,0,Monday,10,0,0,32.8,1.6,-0.0
2024-10-08,44,1,Tuesday,10,0,0,32.8,1.9,6.3
2024-10-09,51,2,Wednesday,10,0,0,32.8,2.1,7.8
2024-10-10,32,3,Thursday,10,0,0,32.8,2.4,3.5
2024-10-11,43,4,Friday,10,0,0,32.8,2.6,-3.5
2024-10-12,18,5,Saturday,10,1,0,32.8,2.9,-7.8
2024-10-13,29,6,Sunday,10,1,0,32.9,3.1,-6.3
2024-10-14,39,0,Monday,10,0,0,32.9,3.4,-0.0
2024-10-15,44,1,Tuesday,10,0,0,32.9,3.6,6.3
2024-10-16,41,2,Wednesday,10,0,0,32.9,3.9,7.8
2024-10-17,39,3,Thursday,10,0,0,32.9,4.1,3.5
2024-10-18,31,4,Friday,10,0,0,32.9,4.4,-3.5
2024-10-19,27,5,Saturday,10,1,0,32.9,4.6,-7.8
2024-10-20,36,6,Sunday,10,1,0,32.9,4.9,-6.3
2024-10-21,40,0,Monday,10,0,0,32.9,5.1,0.0
2024-10-22,41,1,Tuesday,10,0,0,33.0,5.4,6.3
2024-10-23,51,2,Wednesday,10,0,0,33.0,5.6,7.8
2024-10-24,44,3,Thursday,10,0,0,33.0,5.8,3.5
2024-10-25,40,4,Friday,10,0,0,33.0,6.1,-3.5
2024-10-26,35,5,Saturday,10,1,0,33.0,6.3,-7.8
2024-10-27,29,6,Sunday,10,1,0,33.0,6.5,-6.3
2024-10-28,37,0,Monday,10,0,0,33.0,6.8,-0.0
2024-10-29,50,1,Tuesday,10,0,0,33.0,7.0,6.3
2024-10-30,51,2,Wednesday,10,0,0,33.0,7.2,7.8
2024-10-31,44,3,Thursday,10,0,0,33.0,7.5,3.5
2024-11-01,38,4,Friday,11,0,0,33.0,7.7,-3.5
2024-11-02,40,5,Saturday,11,1,0,33.1,7.9,-7.8
2024-11-03,32,6,Sunday,11,1,0,33.1,8.1,-6.3
2024-11-04,44,0,Monday,11,0,0,33.1,8.3,0.0
2024-11-05,47,1,Tuesday,11,0,0,33.1,8.6,6.3
2024-11-06,49,2,Wednesday,11,0,0,33.1,8.8,7.8
2024-11-07,51,3,Thursday,11,0,0,33.1,9.0,3.5
2024-11-08,43,4,Friday,11,0,0,33.1,9.2,-3.5
2024-11-09,39,5,Saturday,11,1,0,33.1,9.4,-7.8
2024-11-10,43,6,Sunday,11,1,0,33.1,9.6,-6.3
2024-11-11,43,0,Monday,11,0,0,33.2,9.8,-0.0
2024-11-12,53,1,Tuesday,11,0,0,33.2,10.0,6.3
2024-11-13,50,2,Wednesday,11,0,0,33.2,10.2,7.8
2024-11-14,49,3,Thursday,11,0,0,33.2,10.4,3.5
2024-11-15,40,4,Friday,11,0,0,33.2,10.5,-3.5
2024-11-16,37,5,Saturday,11,1,0,33.2,10.7,-7.8
2024-11-17,41,6,Sunday,11,1,0,33.2,10.9,-6.3
2024-11-18,40,0,Monday,11,0,0,33.2,11.1,-0.0
2024-11-19,61,1,Tuesday,11,0,0,33.2,11.2,6.3
2024-11-20,47,2,Wednesday,11,0,0,33.2,11.4,7.8
2024-11-21,42,3,Thursday,11,0,0,33.2,11.6,3.5
2024-11-22,47,4,Friday,11,0,0,33.3,11.7,-3.5
2024-11-23,41,5,Saturday,11,1,0,33.3,11.9,-7.8
2024-11-24,42,6,Sunday,11,1,0,33.3,12.1,-6.3
2024-11-25,79,0,Monday,11,0,1,33.3,12.2,0.0
2024-11-26,82,1,Tuesday,11,0,1,33.3,12.4,6.3
2024-11-27,79,2,Wednesday,11,0,1,33.3,12.5,7.8
2024-11-28,80,3,Thursday,11,0,1,33.3,12.6,3.5
2024-11-29,69,4,Friday,11,0,1,33.3,12.8,-3.5
2024-11-30,73,5,Saturday,11,1,1,33.3,12.9,-7.8
2024-12-01,39,6,Sunday,12,1,0,33.4,13.0,-6.3
2024-12-02,42,0,Monday,12,0,0,33.4,13.2,-0.0
2024-12-03,51,1,Tuesday,12,0,0,33.4,13.3,6.3
2024-12-04,57,2,Wednesday,12,0,0,33.4,13.4,7.8
2024-12-05,48,3,Thursday,12,0,0,33.4,13.5,3.5
2024-12-06,39,4,Friday,12,0,0,33.4,13.6,-3.5
2024-12-07,41,5,Saturday,12,1,0,33.4,13.7,-7.8
2024-12-08,42,6,Sunday,12,1,0,33.4,13.8,-6.3
2024-12-09,45,0,Monday,12,0,0,33.4,13.9,0.0
2024-12-10,51,1,Tuesday,12,0,0,33.4,14.0,6.3
2024-12-11,57,2,Wednesday,12,0,0,33.4,14.1,7.8
2024-12-12,44,3,Thursday,12,0,0,33.5,14.2,3.5
2024-12-13,37,4,Friday,12,0,0,33.5,14.3,-3.5
2024-12-14,36,5,Saturday,12,1,0,33.5,14.4,-7.8
2024-12-15,41,6,Sunday,12,1,0,33.5,14.4,-6.3
2024-12-16,50,0,Monday,12,0,0,33.5,14.5,-0.0
2024-12-17,62,1,Tuesday,12,0,0,33.5,14.6,6.3
2024-12-18,60,2,Wednesday,12,0,0,33.5,14.6,7.8
2024-12-19,51,3,Thursday,12,0,0,33.5,14.7,3.5
2024-12-20,65,4,Friday,12,0,1,33.5,14.7,-3.5
2024-12-21,56,5,Saturday,12,1,1,33.6,14.8,-7.8
2024-12-22,62,6,Sunday,12,1,1,33.6,14.8,-6.3
2024-12-23,67,0,Monday,12,0,1,33.6,14.9,-0.0
2024-12-24,76,1,Tuesday,12,0,1,33.6,14.9,6.3
2024-12-25,72,2,Wednesday,12,0,1,33.6,14.9,7.8
2024-12-26,75,3,Thursday,12,0,1,33.6,14.9,3.5
2024-12-27,73,4,Friday,12,0,1,33.6,15.0,-3.5
2024-12-28,60,5,Saturday,12,1,1,33.6,15.0,-7.8
2024-12-29,64,6,Sunday,12,1,1,33.6,15.0,-6.3
2024-12-30,72,0,Monday,12,0,1,33.6,15.0,-0.0
2024-12-31,73,1,Tuesday,12,0,1,33.6,15.0,6.3
2025-01-01,58,2,Wednesday,1,0,0,33.7,15.0,7.8
2025-01-02,52,3,Thursday,1,0,0,33.7,15.0,3.5
2025-01-03,46,4,Friday,1,0,0,33.7,15.0,-3.5
2025-01-04,37,5,Saturday,1,1,0,33.7,15.0,-7.8
2025-01-05,43,6,Sunday,1,1,0,33.7,14.9,-6.3
2025-01-06,51,0,Monday,1,0,0,33.7,14.9,-0.0
2025-01-07,62,1,Tuesday,1,0,0,33.7,14.9,6.3
2025-01-08,61,2,Wednesday,1,0,0,33.7,14.9,7.8
2025-01-09,63,3,Thursday,1,0,0,33.7,14.8,3.5
2025-01-10,41,4,Friday,1,0,0,33.8,14.8,-3.5
2025-01-11,45,5,Saturday,1,1,0,33.8,14.7,-7.8
2025-01-12,43,6,Sunday,1,1,0,33.8,14.7,-6.3
2025-01-13,59,0,Monday,1,0,0,33.8,14.6,0.0
2025-01-14,51,1,Tuesday,1,0,0,33.8,14.6,6.3
2025-01-15,52,2,Wednesday,1,0,0,33.8,14.5,7.8
2025-01-16,49,3,Thursday,1,0,0,33.8,14.4,3.5
2025-01-17,34,4,Friday,1,0,0,33.8,14.4,-3.5
2025-01-18,38,5,Saturday,1,1,0,33.8,14.3,-7.8
2025-01-19,38,6,Sunday,1,1,0,33.8,14.2,-6.3
2025-01-20,74,0,Monday,1,0,1,33.8,14.1,0.0
2025-01-21,81,1,Tuesday,1,0,1,33.9,14.0,6.3
2025-01-22,90,2,Wednesday,1,0,1,33.9,13.9,7.8
2025-01-23,81,3,Thursday,1,0,1,33.9,13.8,3.5
2025-01-24,66,4,Friday,1,0,1,33.9,13.7,-3.5
2025-01-25,60,5,Saturday,1,1,1,33.9,13.6,-7.8
2025-01-26,69,6,Sunday,1,1,1,33.9,13.5,-6.3
2025-01-27,66,0,Monday,1,0,1,33.9,13.4,-0.0
2025-01-28,88,1,Tuesday,1,0,1,33.9,13.3,6.3
2025-01-29,86,2,Wednesday,1,0,1,33.9,13.2,7.8
2025-01-30,73,3,Thursday,1,0,1,34.0,13.0,3.5
2025-01-31,60,4,Friday,1,0,1,34.0,12.9,-3.5
2025-02-01,66,5,Saturday,2,1,1,34.0,12.8,-7.8
2025-02-02,60,6,Sunday,2,1,1,34.0,12.6,-6.3
2025-02-03,73,0,Monday,2,0,1,34.0,12.5,-0.0
2025-02-04,65,1,Tuesday,2,0,1,34.0,12.4,6.3
2025-02-05,71,2,Wednesday,2,0,1,34.0,12.2,7.8
2025-02-06,70,3,Thursday,2,0,1,34.0,12.1,3.5
2025-02-07,63,4,Friday,2,0,1,34.0,11.9,-3.5
2025-02-08,56,5,Saturday,2,1,1,34.0,11.7,-7.8
2025-02-09,62,6,Sunday,2,1,1,34.0,11.6,-6.3
2025-02-10,60,0,Monday,2,0,1,34.1,11.4,0.0
2025-02-11,51,1,Tuesday,2,0,0,34.1,11.2,6.3
2025-02-12,54,2,Wednesday,2,0,0,34.1,11.1,7.8
2025-02-13,51,3,Thursday,2,0,0,34.1,10.9,3.5
2025-02-14,45,4,Friday,2,0,0,34.1,10.7,-3.5
2025-02-15,31,5,Saturday,2,1,0,34.1,10.5,-7.8
2025-02-16,31,6,Sunday,2,1,0,34.1,10.4,-6.3
2025-02-17,51,0,Monday,2,0,0,34.1,10.2,-0.0
2025-02-18,52,1,Tuesday,2,0,0,34.1,10.0,6.3
2025-02-19,48,2,Wednesday,2,0,0,34.2,9.8,7.8
2025-02-20,55,3,Thursday,2,0,0,34.2,9.6,3.5
2025-02-21,41,4,Friday,2,0,0,34.2,9.4,-3.5
2025-02-22,41,5,Saturday,2,1,0,34.2,9.2,-7.8
2025-02-23,37,6,Sunday,2,1,0,34.2,9.0,-6.3
2025-02-24,53,0,Monday,2,0,0,34.2,8.8,0.0
2025-02-25,58,1,Tuesday,2,0,0,34.2,8.6,6.3
2025-02-26,49,2,Wednesday,2,0,0,34.2,8.3,7.8
2025-02-27,51,3,Thursday,2,0,0,34.2,8.1,3.5
2025-02-28,42,4,Friday,2,0,0,34.2,7.9,-3.5
2025-03-01,41,5,Saturday,3,1,0,34.2,7.7,-7.8
2025-03-02,31,6,Sunday,3,1,0,34.3,7.5,-6.3
2025-03-03,45,0,Monday,3,0,0,34.3,7.2,-0.0
2025-03-04,53,1,Tuesday,3,0,0,34.3,7.0,6.3
2025-03-05,40,2,Wednesday,3,0,0,34.3,6.8,7.8
2025-03-06,38,3,Thursday,3,0,0,34.3,6.5,3.5
2025-03-07,27,4,Friday,3,0,0,34.3,6.3,-3.5
2025-03-08,31,5,Saturday,3,1,0,34.3,6.1,-7.8
2025-03-09,38,6,Sunday,3,1,0,34.3,5.8,-6.3
2025-03-10,47,0,Monday,3,0,0,34.3,5.6,-0.0
2025-03-11,46,1,Tuesday,3,0,0,34.4,5.4,6.3
2025-03-12,55,2,Wednesday,3,0,0,34.4,5.1,7.8
2025-03-13,36,3,Thursday,3,0,0,34.4,4.9,3.5
2025-03-14,27,4,Friday,3,0,0,34.4,4.6,-3.5
2025-03-15,31,5,Saturday,3,1,0,34.4,4.4,-7.8
2025-03-16,34,6,Sunday,3,1,0,34.4,4.1,-6.3
2025-03-17,38,0,Monday,3,0,0,34.4,3.9,-0.0
2025-03-18,34,1,Tuesday,3,0,0,34.4,3.6,6.3
2025-03-19,45,2,Wednesday,3,0,0,34.4,3.4,7.8
2025-03-20,35,3,Thursday,3,0,0,34.4,3.1,3.5
2025-03-21,37,4,Friday,3,0,0,34.4,2.9,-3.5
2025-03-22,31,5,Saturday,3,1,0,34.5,2.6,-7.8
2025-03-23,26,6,Sunday,3,1,0,34.5,2.4,-6.3
2025-03-24,34,0,Monday,3,0,0,34.5,2.1,-0.0
2025-03-25,37,1,Tuesday,3,0,0,34.5,1.9,6.3
2025-03-26,44,2,Wednesday,3,0,0,34.5,1.6,7.8
2025-03-27,44,3,Thursday,3,0,0,34.5,1.4,3.5
2025-03-28,27,4,Friday,3,0,0,34.5,1.1,-3.5
2025-03-29,30,5,Saturday,3,1,0,34.5,0.8,-7.8
2025-03-30,26,6,Sunday,3,1,0,34.5,0.6,-6.3
2025-03-31,31,0,Monday,3,0,0,34.6,0.3,0.0
2025-04-01,40,1,Tuesday,4,0,0,34.6,0.1,6.3
2025-04-02,37,2,Wednesday,4,0,0,34.6,-0.2,7.8
2025-04-03,35,3,Thursday,4,0,0,34.6,-0.5,3.5
2025-04-04,24,4,Friday,4,0,0,34.6,-0.7,-3.5
2025-04-05,36,5,Saturday,4,1,0,34.6,-1.0,-7.8
2025-04-06,27,6,Sunday,4,1,0,34.6,-1.2,-6.3
2025-04-07,30,0,Monday,4,0,0,34.6,-1.5,-0.0
2025-04-08,40,1,Tuesday,4,0,0,34.6,-1.7,6.3
2025-04-09,40,2,Wednesday,4,0,0,34.6,-2.0,7.8
2025-04-10,35,3,Thursday,4,0,0,34.6,-2.3,3.5
2025-04-11,32,4,Friday,4,0,0,34.7,-2.5,-3.5
2025-04-12,28,5,Saturday,4,1,0,34.7,-2.8,-7.8
2025-04-13,23,6,Sunday,4,1,0,34.7,-3.0,-6.3
2025-04-14,29,0,Monday,4,0,0,34.7,-3.3,-0.0
2025-04-15,36,1,Tuesday,4,0,0,34.7,-3.5,6.3
2025-04-16,27,2,Wednesday,4,0,0,34.7,-3.8,7.8
2025-04-17,27,3,Thursday,4,0,0,34.7,-4.0,3.5
2025-04-18,34,4,Friday,4,0,0,34.7,-4.3,-3.5
2025-04-19,31,5,Saturday,4,1,0,34.7,-4.5,-7.8
2025-04-20,22,6,Sunday,4,1,0,34.8,-4.8,-6.3
2025-04-21,33,0,Monday,4,0,0,34.8,-5.0,-0.0
2025-04-22,37,1,Tuesday,4,0,0,34.8,-5.2,6.3
2025-04-23,52,2,Wednesday,4,0,0,34.8,-5.5,7.8
2025-04-24,38,3,Thursday,4,0,0,34.8,-5.7,3.5
2025-04-25,25,4,Friday,4,0,0,34.8,-6.0,-3.5
2025-04-26,16,5,Saturday,4,1,0,34.8,-6.2,-7.8
2025-04-27,14,6,Sunday,4,1,0,34.8,-6.4,-6.3
2025-04-28,29,0,Monday,4,0,0,34.8,-6.7,-0.0
2025-04-29,30,1,Tuesday,4,0,0,34.8,-6.9,6.3
2025-04-30,28,2,Wednesday,4,0,0,34.8,-7.1,7.8
2025-05-01,28,3,Thursday,5,0,0,34.9,-7.4,3.5
2025-05-02,18,4,Friday,5,0,0,34.9,-7.6,-3.5
2025-05-03,28,5,Saturday,5,1,0,34.9,-7.8,-7.8
2025-05-04,25,6,Sunday,5,1,0,34.9,-8.0,-6.3
2025-05-05,27,0,Monday,5,0,0,34.9,-8.2,-0.0
2025-05-06,40,1,Tuesday,5,0,0,34.9,-8.4,6.3
2025-05-07,34,2,Wednesday,5,0,0,34.9,-8.7,7.8
2025-05-08,25,3,Thursday,5,0,0,34.9,-8.9,3.5
2025-05-09,30,4,Friday,5,0,0,34.9,-9.1,-3.5
2025-05-10,21,5,Saturday,5,1,0,35.0,-9.3,-7.8
2025-05-11,14,6,Sunday,5,1,0,35.0,-9.5,-6.3
2025-05-12,24,0,Monday,5,0,0,35.0,-9.7,0.0
2025-05-13,27,1,Tuesday,5,0,0,35.0,-9.9,6.3
2025-05-14,26,2,Wednesday,5,0,0,35.0,-10.1,7.8
2025-05-15,33,3,Thursday,5,0,0,35.0,-10.3,3.5
2025-05-16,31,4,Friday,5,0,0,35.0,-10.4,-3.5
2025-05-17,10,5,Saturday,5,1,0,35.0,-10.6,-7.8
2025-05-18,21,6,Sunday,5,1,0,35.0,-10.8,-6.3
2025-05-19,21,0,Monday,5,0,0,35.0,-11.0,-0.0
2025-05-20,28,1,Tuesday,5,0,0,35.0,-11.2,6.3
2025-05-21,29,2,Wednesday,5,0,0,35.1,-11.3,7.8
2025-05-22,23,3,Thursday,5,0,0,35.1,-11.5,3.5
2025-05-23,20,4,Friday,5,0,0,35.1,-11.7,-3.5
2025-05-24,11,5,Saturday,5,1,0,35.1,-11.8,-7.8
2025-05-25,18,6,Sunday,5,1,0,35.1,-12.0,-6.3
2025-05-26,23,0,Monday,5,0,0,35.1,-12.1,-0.0
2025-05-27,28,1,Tuesday,5,0,0,35.1,-12.3,6.3
2025-05-28,26,2,Wednesday,5,0,0,35.1,-12.4,7.8
2025-05-29,23,3,Thursday,5,0,0,35.1,-12.6,3.5
2025-05-30,23,4,Friday,5,0,0,35.2,-12.7,-3.5
2025-05-31,17,5,Saturday,5,1,0,35.2,-12.8,-7.8
2025-06-01,11,6,Sunday,6,1,0,35.2,-13.0,-6.3
2025-06-02,23,0,Monday,6,0,0,35.2,-13.1,-0.0
2025-06-03,32,1,Tuesday,6,0,0,35.2,-13.2,6.3
2025-06-04,21,2,Wednesday,6,0,0,35.2,-13.4,7.8
2025-06-05,28,3,Thursday,6,0,0,35.2,-13.5,3.5
2025-06-06,15,4,Friday,6,0,0,35.2,-13.6,-3.5
2025-06-07,17,5,Saturday,6,1,0,35.2,-13.7,-7.8
2025-06-08,11,6,Sunday,6,1,0,35.2,-13.8,-6.3
2025-06-09,12,0,Monday,6,0,0,35.2,-13.9,-0.0
2025-06-10,19,1,Tuesday,6,0,0,35.3,-14.0,6.3
2025-06-11,29,2,Wednesday,6,0,0,35.3,-14.1,7.8
2025-06-12,26,3,Thursday,6,0,0,35.3,-14.2,3.5
2025-06-13,13,4,Friday,6,0,0,35.3,-14.2,-3.5
2025-06-14,16,5,Saturday,6,1,0,35.3,-14.3,-7.8
2025-06-15,21,6,Sunday,6,1,1,35.3,-14.4,-6.3
2025-06-16,36,0,Monday,6,0,1,35.3,-14.5,0.0
2025-06-17,36,1,Tuesday,6,0,1,35.3,-14.5,6.3
2025-06-18,40,2,Wednesday,6,0,1,35.3,-14.6,7.8
2025-06-19,39,3,Thursday,6,0,1,35.4,-14.7,3.5
2025-06-20,28,4,Friday,6,0,1,35.4,-14.7,-3.5
2025-06-21,11,5,Saturday,6,1,0,35.4,-14.8,-7.8
2025-06-22,19,6,Sunday,6,1,0,35.4,-14.8,-6.3
2025-06-23,18,0,Monday,6,0,0,35.4,-14.8,-0.0
2025-06-24,31,1,Tuesday,6,0,0,35.4,-14.9,6.3
2025-06-25,23,2,Wednesday,6,0,0,35.4,-14.9,7.8
2025-06-26,27,3,Thursday,6,0,0,35.4,-14.9,3.5
2025-06-27,24,4,Friday,6,0,0,35.4,-15.0,-3.5
2025-06-28,0,5,Saturday,6,1,0,35.4,-15.0,-7.8
2025-06-29,10,6,Sunday,6,1,0,35.4,-15.0,-6.3
2025-06-30,23,0,Monday,6,0,0,35.5,-15.0,0.0
2025-07-01,26,1,Tuesday,7,0,0,35.5,-15.0,6.3
2025-07-02,30,2,Wednesday,7,0,0,35.5,-15.0,7.8
2025-07-03,21,3,Thursday,7,0,0,35.5,-15.0,3.5
2025-07-04,17,4,Friday,7,0,0,35.5,-15.0,-3.5
2025-07-05,12,5,Saturday,7,1,0,35.5,-15.0,-7.8
2025-07-06,20,6,Sunday,7,1,0,35.5,-15.0,-6.3
2025-07-07,22,0,Monday,7,0,0,35.5,-14.9,-0.0
2025-07-08,29,1,Tuesday,7,0,0,35.5,-14.9,6.3
2025-07-09,26,2,Wednesday,7,0,0,35.6,-14.9,7.8
2025-07-10,22,3,Thursday,7,0,0,35.6,-14.8,3.5
2025-07-11,15,4,Friday,7,0,0,35.6,-14.8,-3.5
2025-07-12,15,5,Saturday,7,1,0,35.6,-14.8,-7.8
2025-07-13,13,6,Sunday,7,1,0,35.6,-14.7,-6.3
2025-07-14,22,0,Monday,7,0,0,35.6,-14.7,-0.0
2025-07-15,38,1,Tuesday,7,0,0,35.6,-14.6,6.3
2025-07-16,33,2,Wednesday,7,0,0,35.6,-14.5,7.8
2025-07-17,23,3,Thursday,7,0,0,35.6,-14.5,3.5
2025-07-18,24,4,Friday,7,0,0,35.6,-14.4,-3.5
2025-07-19,11,5,Saturday,7,1,0,35.6,-14.3,-7.8
2025-07-20,5,6,Sunday,7,1,0,35.7,-14.2,-6.3
2025-07-21,16,0,Monday,7,0,0,35.7,-14.2,-0.0
2025-07-22,19,1,Tuesday,7,0,0,35.7,-14.1,6.3
2025-07-23,28,2,Wednesday,7,0,0,35.7,-14.0,7.8
2025-07-24,25,3,Thursday,7,0,0,35.7,-13.9,3.5
2025-07-25,27,4,Friday,7,0,0,35.7,-13.8,-3.5
2025-07-26,16,5,Saturday,7,1,0,35.7,-13.7,-7.8
2025-07-27,15,6,Sunday,7,1,0,35.7,-13.6,-6.3
2025-07-28,26,0,Monday,7,0,0,35.7,-13.5,-0.0
2025-07-29,18,1,Tuesday,7,0,0,35.8,-13.4,6.3
2025-07-30,32,2,Wednesday,7,0,0,35.8,-13.2,7.8
2025-07-31,30,3,Thursday,7,0,0,35.8,-13.1,3.5
2025-08-01,12,4,Friday,8,0,0,35.8,-13.0,-3.5
2025-08-02,21,5,Saturday,8,1,0,35.8,-12.8,-7.8
2025-08-03,19,6,Sunday,8,1,0,35.8,-12.7,-6.3
2025-08-04,21,0,Monday,8,0,0,35.8,-12.6,0.0
2025-08-05,33,1,Tuesday,8,0,0,35.8,-12.4,6.3
2025-08-06,43,2,Wednesday,8,0,0,35.8,-12.3,7.8
2025-08-07,28,3,Thursday,8,0,0,35.8,-12.1,3.5
2025-08-08,22,4,Friday,8,0,0,35.8,-12.0,-3.5
2025-08-09,14,5,Saturday,8,1,0,35.9,-11.8,-7.8
2025-08-10,14,6,Sunday,8,1,0,35.9,-11.7,-6.3
2025-08-11,29,0,Monday,8,0,0,35.9,-11.5,0.0
2025-08-12,27,1,Tuesday,8,0,0,35.9,-11.3,6.3
2025-08-13,33,2,Wednesday,8,0,0,35.9,-11.2,7.8
2025-08-14,26,3,Thursday,8,0,0,35.9,-11.0,3.5
2025-08-15,24,4,Friday,8,0,0,35.9,-10.8,-3.5
2025-08-16,19,5,Saturday,8,1,0,35.9,-10.6,-7.8
2025-08-17,24,6,Sunday,8,1,0,35.9,-10.4,-6.3
2025-08-18,23,0,Monday,8,0,0,36.0,-10.3,-0.0
2025-08-19,31,1,Tuesday,8,0,0,36.0,-10.1,6.3
2025-08-20,29,2,Wednesday,8,0,0,36.0,-9.9,7.8
2025-08-21,28,3,Thursday,8,0,0,36.0,-9.7,3.5
2025-08-22,25,4,Friday,8,0,0,36.0,-9.5,-3.5
2025-08-23,23,5,Saturday,8,1,0,36.0,-9.3,-7.8
2025-08-24,16,6,Sunday,8,1,0,36.0,-9.1,-6.3
2025-08-25,31,0,Monday,8,0,0,36.0,-8.9,-0.0
2025-08-26,40,1,Tuesday,8,0,0,36.0,-8.7,6.3
2025-08-27,37,2,Wednesday,8,0,0,36.0,-8.4,7.8
2025-08-28,41,3,Thursday,8,0,0,36.0,-8.2,3.5
2025-08-29,21,4,Friday,8,0,0,36.1,-8.0,-3.5
2025-08-30,14,5,Saturday,8,1,0,36.1,-7.8,-7.8
2025-08-31,13,6,Sunday,8,1,0,36.1,-7.6,-6.3
2025-09-01,36,0,Monday,9,0,0,36.1,-7.4,-0.0
2025-09-02,39,1,Tuesday,9,0,0,36.1,-7.1,6.3
2025-09-03,37,2,Wednesday,9,0,0,36.1,-6.9,7.8
2025-09-04,34,3,Thursday,9,0,0,36.1,-6.7,3.5
2025-09-05,21,4,Friday,9,0,0,36.1,-6.4,-3.5
2025-09-06,34,5,Saturday,9,1,0,36.1,-6.2,-7.8
2025-09-07,25,6,Sunday,9,1,0,36.2,-6.0,-6.3
2025-09-08,31,0,Monday,9,0,0,36.2,-5.7,0.0
2025-09-09,41,1,Tuesday,9,0,0,36.2,-5.5,6.3
2025-09-10,41,2,Wednesday,9,0,0,36.2,-5.2,7.8
2025-09-11,36,3,Thursday,9,0,0,36.2,-5.0,3.5
2025-09-12,24,4,Friday,9,0,0,36.2,-4.8,-3.5
2025-09-13,26,5,Saturday,9,1,0,36.2,-4.5,-7.8
2025-09-14,35,6,Sunday,9,1,0,36.2,-4.3,-6.3
2025-09-15,39,0,Monday,9,0,0,36.2,-4.0,0.0
2025-09-16,47,1,Tuesday,9,0,0,36.2,-3.8,6.3
2025-09-17,38,2,Wednesday,9,0,0,36.2,-3.5,7.8
2025-09-18,32,3,Thursday,9,0,0,36.3,-3.3,3.5
2025-09-19,29,4,Friday,9,0,0,36.3,-3.0,-3.5
2025-09-20,26,5,Saturday,9,1,0,36.3,-2.8,-7.8
2025-09-21,33,6,Sunday,9,1,0,36.3,-2.5,-6.3
2025-09-22,26,0,Monday,9,0,0,36.3,-2.3,-0.0
2025-09-23,48,1,Tuesday,9,0,0,36.3,-2.0,6.3
2025-09-24,42,2,Wednesday,9,0,0,36.3,-1.7,7.8
2025-09-25,36,3,Thursday,9,0,0,36.3,-1.5,3.5
2025-09-26,27,4,Friday,9,0,0,36.3,-1.2,-3.5
2025-09-27,19,5,Saturday,9,1,0,36.4,-1.0,-7.8
2025-09-28,34,6,Sunday,9,1,0,36.4,-0.7,-6.3
2025-09-29,36,0,Monday,9,0,0,36.4,-0.5,-0.0
2025-09-30,36,1,Tuesday,9,0,0,36.4,-0.2,6.3
2025-10-01,38,2,Wednesday,10,0,0,36.4,0.1,7.8
2025-10-02,39,3,Thursday,10,0,0,36.4,0.3,3.5
2025-10-03,42,4,Friday,10,0,0,36.4,0.6,-3.5
2025-10-04,28,5,Saturday,10,1,0,36.4,0.8,-7.8
2025-10-05,24,6,Sunday,10,1,0,36.4,1.1,-6.3
2025-10-06,37,0,Monday,10,0,0,36.4,1.4,-0.0
2025-10-07,43,1,Tuesday,10,0,0,36.4,1.6,6.3
2025-10-08,33,2,Wednesday,10,0,0,36.5,1.9,7.8
2025-10-09,42,3,Thursday,10,0,0,36.5,2.1,3.5
2025-10-10,34,4,Friday,10,0,0,36.5,2.4,-3.5
2025-10-11,35,5,Saturday,10,1,0,36.5,2.6,-7.8
2025-10-12,42,6,Sunday,10,1,0,36.5,2.9,-6.3
2025-10-13,45,0,Monday,10,0,0,36.5,3.1,-0.0
2025-10-14,45,1,Tuesday,10,0,0,36.5,3.4,6.3
2025-10-15,42,2,Wednesday,10,0,0,36.5,3.6,7.8
2025-10-16,57,3,Thursday,10,0,0,36.5,3.9,3.5
2025-10-17,38,4,Friday,10,0,0,36.6,4.1,-3.5
2025-10-18,33,5,Saturday,10,1,0,36.6,4.4,-7.8
2025-10-19,35,6,Sunday,10,1,0,36.6,4.6,-6.3
2025-10-20,42,0,Monday,10,0,0,36.6,4.9,0.0
2025-10-21,47,1,Tuesday,10,0,0,36.6,5.1,6.3
2025-10-22,47,2,Wednesday,10,0,0,36.6,5.4,7.8
2025-10-23,43,3,Thursday,10,0,0,36.6,5.6,3.5
2025-10-24,39,4,Friday,10,0,0,36.6,5.8,-3.5
2025-10-25,32,5,Saturday,10,1,0,36.6,6.1,-7.8
2025-10-26,33,6,Sunday,10,1,0,36.6,6.3,-6.3
2025-10-27,44,0,Monday,10,0,0,36.6,6.5,-0.0
2025-10-28,48,1,Tuesday,10,0,0,36.7,6.8,6.3
2025-10-29,59,2,Wednesday,10,0,0,36.7,7.0,7.8
2025-10-30,34,3,Thursday,10,0,0,36.7,7.2,3.5
2025-10-31,46,4,Friday,10,0,0,36.7,7.5,-3.5
2025-11-01,43,5,Saturday,11,1,0,36.7,7.7,-7.8
2025-11-02,28,6,Sunday,11,1,0,36.7,7.9,-6.3
2025-11-03,43,0,Monday,11,0,0,36.7,8.1,-0.0
2025-11-04,49,1,Tuesday,11,0,0,36.7,8.3,6.3
2025-11-05,46,2,Wednesday,11,0,0,36.7,8.6,7.8
2025-11-06,45,3,Thursday,11,0,0,36.8,8.8,3.5
2025-11-07,37,4,Friday,11,0,0,36.8,9.0,-3.5
2025-11-08,47,5,Saturday,11,1,0,36.8,9.2,-7.8
2025-11-09,45,6,Sunday,11,1,0,36.8,9.4,-6.3
2025-11-10,53,0,Monday,11,0,0,36.8,9.6,0.0
2025-11-11,56,1,Tuesday,11,0,0,36.8,9.8,6.3
2025-11-12,49,2,Wednesday,11,0,0,36.8,10.0,7.8
2025-11-13,48,3,Thursday,11,0,0,36.8,10.2,3.5
2025-11-14,46,4,Friday,11,0,0,36.8,10.4,-3.5
2025-11-15,33,5,Saturday,11,1,0,36.8,10.5,-7.8
2025-11-16,45,6,Sunday,11,1,0,36.8,10.7,-6.3
2025-11-17,47,0,Monday,11,0,0,36.9,10.9,0.0
2025-11-18,52,1,Tuesday,11,0,0,36.9,11.1,6.3
2025-11-19,59,2,Wednesday,11,0,0,36.9,11.2,7.8
2025-11-20,54,3,Thursday,11,0,0,36.9,11.4,3.5
2025-11-21,43,4,Friday,11,0,0,36.9,11.6,-3.5
2025-11-22,47,5,Saturday,11,1,0,36.9,11.7,-7.8
2025-11-23,37,6,Sunday,11,1,0,36.9,11.9,-6.3
2025-11-24,52,0,Monday,11,0,0,36.9,12.1,-0.0
2025-11-25,88,1,Tuesday,11,0,1,36.9,12.2,6.3
2025-11-26,86,2,Wednesday,11,0,1,37.0,12.4,7.8
2025-11-27,85,3,Thursday,11,0,1,37.0,12.5,3.5
2025-11-28,70,4,Friday,11,0,1,37.0,12.6,-3.5
2025-11-29,77,5,Saturday,11,1,1,37.0,12.8,-7.8
2025-11-30,73,6,Sunday,11,1,1,37.0,12.9,-6.3
2025-12-01,47,0,Monday,12,0,0,37.0,13.0,-0.0
2025-12-02,62,1,Tuesday,12,0,0,37.0,13.2,6.3
2025-12-03,55,2,Wednesday,12,0,0,37.0,13.3,7.8
2025-12-04,47,3,Thursday,12,0,0,37.0,13.4,3.5
2025-12-05,39,4,Friday,12,0,0,37.0,13.5,-3.5
2025-12-06,46,5,Saturday,12,1,0,37.0,13.6,-7.8
2025-12-07,38,6,Sunday,12,1,0,37.1,13.7,-6.3
2025-12-08,60,0,Monday,12,0,0,37.1,13.8,-0.0
2025-12-09,47,1,Tuesday,12,0,0,37.1,13.9,6.3
2025-12-10,67,2,Wednesday,12,0,0,37.1,14.0,7.8
2025-12-11,56,3,Thursday,12,0,0,37.1,14.1,3.5
2025-12-12,47,4,Friday,12,0,0,37.1,14.2,-3.5
2025-12-13,41,5,Saturday,12,1,0,37.1,14.3,-7.8
2025-12-14,47,6,Sunday,12,1,0,37.1,14.4,-6.3
2025-12-15,51,0,Monday,12,0,0,37.1,14.4,-0.0
2025-12-16,63,1,Tuesday,12,0,0,37.2,14.5,6.3
2025-12-17,60,2,Wednesday,12,0,0,37.2,14.6,7.8
2025-12-18,56,3,Thursday,12,0,0,37.2,14.6,3.5
2025-12-19,47,4,Friday,12,0,0,37.2,14.7,-3.5
2025-12-20,64,5,Saturday,12,1,1,37.2,14.7,-7.8
2025-12-21,67,6,Sunday,12,1,1,37.2,14.8,-6.3
2025-12-22,63,0,Monday,12,0,1,37.2,14.8,-0.0
2025-12-23,72,1,Tuesday,12,0,1,37.2,14.9,6.3
2025-12-24,84,2,Wednesday,12,0,1,37.2,14.9,7.8
2025-12-25,76,3,Thursday,12,0,1,37.2,14.9,3.5
2025-12-26,68,4,Friday,12,0,1,37.2,14.9,-3.5
2025-12-27,65,5,Saturday,12,1,1,37.3,15.0,-7.8
2025-12-28,68,6,Sunday,12,1,1,37.3,15.0,-6.3
2025-12-29,70,0,Monday,12,0,1,37.3,15.0,-0.0
2025-12-30,75,1,Tuesday,12,0,1,37.3,15.0,6.3
