date,Gạo (kg),Nước ngọt (thùng),Mì gói (thùng),Dầu ăn (chai),Sữa (thùng)
2024-01-01,51,29,41,20,35
2024-01-02,54,39,40,22,38
2024-01-03,57,40,44,16,43
2024-01-04,57,36,37,24,37
2024-01-05,48,25,42,21,31
2024-01-06,45,22,39,21,30
2024-01-07,52,26,39,10,35
2024-01-08,54,37,44,27,38
2024-01-09,54,43,48,22,39
2024-01-10,58,49,47,26,46
2024-01-11,52,35,37,19,44
2024-01-12,48,32,36,22,32
2024-01-13,48,25,37,16,29
2024-01-14,43,33,40,18,31
2024-01-15,47,32,43,27,36
2024-01-16,55,40,42,22,46
2024-01-17,55,43,46,24,46
2024-01-18,56,34,41,25,43
2024-01-19,48,30,39,22,33
2024-01-20,44,24,35,20,30
2024-01-21,54,29,38,21,35
2024-01-22,53,38,39,29,38
2024-01-23,58,51,42,23,51
2024-01-24,54,50,49,24,46
2024-01-25,55,41,42,26,44
2024-01-26,52,31,50,25,39
2024-01-27,46,30,42,24,28
2024-01-28,52,27,42,23,29
2024-01-29,53,45,41,19,36
2024-01-30,58,51,48,29,51
2024-01-31,58,48,45,21,47
2024-02-01,63,39,46,24,52
2024-02-02,53,40,51,19,36
2024-02-03,47,31,41,21,34
2024-02-04,54,37,46,22,40
2024-02-05,52,37,42,24,48
2024-02-06,60,48,47,26,54
2024-02-07,55,52,53,30,54
2024-02-08,54,47,44,25,49
2024-02-09,55,37,49,22,41
2024-02-10,54,35,44,24,37
2024-02-11,53,32,41,25,35
2024-02-12,56,43,47,20,40
2024-02-13,60,52,51,27,49
2024-02-14,57,55,50,27,51
2024-02-15,57,50,42,23,46
2024-02-16,54,37,42,27,42
2024-02-17,56,30,42,21,39
2024-02-18,54,41,43,22,38
2024-02-19,52,46,48,23,48
2024-02-20,62,51,49,25,47
2024-02-21,61,60,45,23,51
2024-02-22,58,50,49,20,46
2024-02-23,58,45,47,28,35
2024-02-24,56,36,45,20,37
2024-02-25,57,45,47,20,38
2024-02-26,56,52,49,18,49
2024-02-27,61,54,50,24,53
2024-02-28,64,59,49,22,50
2024-02-29,64,53,43,30,54
2024-03-01,55,47,47,26,45
2024-03-02,53,35,45,20,39
2024-03-03,52,42,45,30,39
2024-03-04,55,51,43,27,43
2024-03-05,65,50,46,25,51
2024-03-06,68,54,53,19,57
2024-03-07,61,46,48,32,55
2024-03-08,60,43,48,20,47
2024-03-09,55,41,45,18,37
2024-03-10,53,45,45,26,37
2024-03-11,60,49,50,32,47
2024-03-12,68,62,48,30,47
2024-03-13,64,55,51,28,55
2024-03-14,66,48,48,27,49
2024-03-15,50,45,45,26,42
2024-03-16,57,41,44,25,34
2024-03-17,56,41,46,24,42
2024-03-18,59,43,46,25,45
2024-03-19,64,57,54,26,49
2024-03-20,59,55,48,25,46
2024-03-21,61,56,49,25,50
2024-03-22,59,46,45,19,49
2024-03-23,59,37,49,23,44
2024-03-24,54,40,46,20,39
2024-03-25,57,47,51,22,45
2024-03-26,62,58,46,27,55
2024-03-27,68,63,52,31,52
2024-03-28,63,51,52,29,51
2024-03-29,56,47,47,19,46
2024-03-30,57,39,48,20,43
2024-03-31,56,40,44,26,40
2024-04-01,63,50,52,22,46
2024-04-02,62,55,57,26,51
2024-04-03,64,58,50,29,52
2024-04-04,61,51,48,23,50
2024-04-05,53,52,51,24,45
2024-04-06,56,40,50,19,42
2024-04-07,57,40,44,22,38
2024-04-08,60,51,47,26,51
2024-04-09,63,57,49,22,52
2024-04-10,61,59,47,28,55
2024-04-11,61,56,46,26,48
2024-04-12,57,48,44,26,36
2024-04-13,53,38,43,24,42
2024-04-14,55,40,45,27,43
2024-04-15,61,49,48,25,46
2024-04-16,69,50,55,25,53
2024-04-17,65,54,48,27,56
2024-04-18,63,58,52,27,45
2024-04-19,57,50,46,24,41
2024-04-20,49,38,45,23,41
2024-04-21,55,43,47,21,36
2024-04-22,60,50,44,23,47
2024-04-23,71,66,51,22,48
2024-04-24,64,62,51,32,55
2024-04-25,62,52,50,22,49
2024-04-26,57,41,47,22,38
2024-04-27,51,33,52,20,42
2024-04-28,58,41,43,26,37
2024-04-29,61,45,46,24,43
2024-04-30,65,51,48,30,52
2024-05-01,61,55,48,24,57
2024-05-02,65,48,46,26,46
2024-05-03,52,48,49,21,42
2024-05-04,55,40,48,29,39
2024-05-05,61,39,43,19,41
2024-05-06,55,51,44,25,45
2024-05-07,60,54,50,28,50
2024-05-08,63,53,48,27,50
2024-05-09,59,55,50,24,48
2024-05-10,51,43,46,23,38
2024-05-11,53,33,39,22,28
2024-05-12,51,37,48,22,39
2024-05-13,59,42,51,27,47
2024-05-14,59,48,46,32,43
2024-05-15,67,57,48,24,49
2024-05-16,57,54,48,20,49
2024-05-17,54,36,45,22,46
2024-05-18,54,36,45,29,36
2024-05-19,49,34,49,19,35
2024-05-20,57,42,45,28,42
2024-05-21,64,49,45,30,53
2024-05-22,56,50,44,23,49
2024-05-23,59,47,44,26,44
2024-05-24,55,35,44,27,37
2024-05-25,53,33,47,20,32
2024-05-26,48,34,41,21,36
2024-05-27,52,41,45,21,47
2024-05-28,61,46,47,21,49
2024-05-29,61,49,51,23,49
2024-05-30,58,47,53,20,44
2024-05-31,54,37,41,22,33
2024-06-01,48,27,40,18,36
2024-06-02,52,32,45,22,34
2024-06-03,56,42,46,18,40
2024-06-04,56,42,52,25,56
2024-06-05,65,50,48,27,49
2024-06-06,58,41,44,17,41
2024-06-07,48,36,44,22,35
2024-06-08,51,26,44,24,35
2024-06-09,47,24,43,17,34
2024-06-10,56,32,44,27,35
2024-06-11,61,45,48,25,48
2024-06-12,56,47,49,21,45
2024-06-13,58,38,48,22,48
2024-06-14,52,34,43,22,38
2024-06-15,50,21,39,20,29
2024-06-16,54,27,40,21,36
2024-06-17,52,31,46,18,38
2024-06-18,54,40,42,23,47
2024-06-19,54,44,46,19,47
2024-06-20,52,36,42,22,38
2024-06-21,49,28,40,17,32
2024-06-22,48,27,42,17,32
2024-06-23,48,23,39,23,29
2024-06-24,54,35,41,24,35
2024-06-25,55,37,39,24,40
2024-06-26,60,43,46,19,45
2024-06-27,52,40,44,20,46
2024-06-28,57,19,46,23,29
2024-06-29,47,19,36,19,28
2024-06-30,44,24,39,26,33
2024-07-01,47,30,41,21,35
2024-07-02,55,39,47,22,43
2024-07-03,54,37,42,21,39
2024-07-04,54,34,42,21,39
2024-07-05,49,24,40,18,30
2024-07-06,44,22,37,20,29
2024-07-07,43,21,36,21,31
2024-07-08,44,29,40,17,41
2024-07-09,51,34,45,17,41
2024-07-10,56,35,39,16,42
2024-07-11,51,30,40,22,37
2024-07-12,42,23,35,15,28
2024-07-13,44,15,39,11,26
2024-07-14,45,19,31,19,25
2024-07-15,45,32,36,26,33
2024-07-16,52,35,42,20,42
2024-07-17,52,33,46,23,37
2024-07-18,46,32,39,20,39
2024-07-19,46,19,35,17,32
2024-07-20,44,8,40,19,23
2024-07-21,46,13,31,16,18
2024-07-22,50,17,31,19,29
2024-07-23,46,30,41,21,41
2024-07-24,48,32,38,18,38
2024-07-25,50,31,35,22,31
2024-07-26,45,18,38,17,25
2024-07-27,42,11,34,14,25
2024-07-28,53,16,32,18,25
2024-07-29,47,14,33,15,29
2024-07-30,53,29,41,19,35
2024-07-31,53,32,41,19,36
2024-08-01,49,20,37,22,30
2024-08-02,42,19,40,18,30
2024-08-03,42,11,30,15,20
2024-08-04,38,10,29,18,26
2024-08-05,44,21,33,21,33
2024-08-06,47,33,38,20,37
2024-08-07,49,29,39,19,34
2024-08-08,53,23,36,14,32
2024-08-09,36,12,35,13,24
2024-08-10,41,5,28,14,17
2024-08-11,35,12,37,13,22
2024-08-12,42,14,35,16,24
2024-08-13,50,25,40,18,37
2024-08-14,48,25,39,20,33
2024-08-15,42,22,37,17,31
2024-08-16,39,13,35,17,24
2024-08-17,40,9,33,15,18
2024-08-18,37,6,34,9,22
2024-08-19,43,14,38,13,25
2024-08-20,47,20,37,17,35
2024-08-21,45,23,39,15,30
2024-08-22,51,20,35,19,30
2024-08-23,42,12,37,20,28
2024-08-24,31,2,29,18,15
2024-08-25,39,9,37,14,17
2024-08-26,40,18,33,20,27
2024-08-27,48,23,31,18,32
2024-08-28,44,29,37,17,34
2024-08-29,43,15,32,15,30
2024-08-30,41,5,34,14,23
2024-08-31,39,0,28,13,20
2024-09-01,34,9,29,15,20
2024-09-02,40,14,27,16,24
2024-09-03,44,20,34,17,33
2024-09-04,44,23,28,19,38
2024-09-05,48,13,29,20,27
2024-09-06,40,15,34,17,18
2024-09-07,32,2,32,9,20
2024-09-08,40,4,32,6,17
2024-09-09,47,14,30,18,17
2024-09-10,48,21,35,13,33
2024-09-11,41,22,35,17,30
2024-09-12,41,13,30,13,27
2024-09-13,42,8,36,9,21
2024-09-14,33,7,32,15,16
2024-09-15,38,7,29,16,19
2024-09-16,43,15,32,13,22
2024-09-17,41,17,35,9,31
2024-09-18,45,17,29,15,30
2024-09-19,33,14,33,17,29
2024-09-20,35,6,29,10,22
2024-09-21,35,4,26,14,13
2024-09-22,32,0,29,13,20
2024-09-23,45,15,37,17,21
2024-09-24,40,17,36,17,32
2024-09-25,44,19,33,14,32
2024-09-26,43,11,35,19,32
2024-09-27,42,1,35,14,19
2024-09-28,31,3,32,13,14
2024-09-29,40,2,30,11,17
2024-09-30,40,6,30,14,22
2024-10-01,41,14,36,14,32
2024-10-02,46,19,36,16,26
2024-10-03,43,19,36,21,23
2024-10-04,36,5,33,10,16
2024-10-05,35,0,32,8,18
2024-10-06,35,2,28,18,22
2024-10-07,40,9,36,14,23
2024-10-08,46,10,35,15,29
2024-10-09,50,20,41,20,31
2024-10-10,39,14,31,14,30
2024-10-11,44,8,36,20,17
2024-10-12,29,6,30,15,16
2024-10-13,36,6,28,12,20
2024-10-14,42,10,31,22,25
2024-10-15,45,15,34,15,30
2024-10-16,43,28,36,19,34
2024-10-17,42,15,35,17,19
2024-10-18,37,7,29,18,22
2024-10-19,34,1,29,18,14
2024-10-20,39,4,37,14,12
2024-10-21,42,11,38,13,25
2024-10-22,42,17,36,18,34
2024-10-23,48,20,36,15,31
2024-10-24,44,16,34,22,30
2024-10-25,41,6,33,15,25
2024-10-26,38,0,27,12,20
2024-10-27,35,5,30,14,23
2024-10-28,39,11,28,11,27
2024-10-29,47,25,36,14,31
2024-10-30,48,14,38,21,27
2024-10-31,43,20,33,15,27
2024-11-01,40,12,37,12,19
2024-11-02,40,0,27,15,24
2024-11-03,36,4,27,18,18
2024-11-04,43,12,34,18,25
2024-11-05,45,17,39,20,33
2024-11-06,46,21,41,16,33
2024-11-07,47,15,34,13,34
2024-11-08,42,15,36,20,20
2024-11-09,40,7,31,13,18
2024-11-10,42,11,31,14,17
2024-11-11,42,17,37,20,22
2024-11-12,48,19,38,19,30
2024-11-13,47,23,32,20,34
2024-11-14,46,21,40,24,28
2024-11-15,40,8,37,14,21
2024-11-16,38,8,30,17,15
2024-11-17,41,8,33,15,20
2024-11-18,41,15,36,17,22
2024-11-19,54,27,38,23,36
2024-11-20,45,28,36,20,35
2024-11-21,42,21,34,19,26
2024-11-22,45,17,34,19,23
2024-11-23,41,5,36,14,18
2024-11-24,42,12,35,13,23
2024-11-25,46,20,34,14,32
2024-11-26,48,26,40,13,29
2024-11-27,47,30,30,25,37
2024-11-28,47,20,40,15,32
2024-11-29,41,18,29,16,27
2024-11-30,43,10,32,15,22
2024-12-01,41,11,30,17,21
2024-12-02,43,24,32,20,28
2024-12-03,48,26,42,22,33
2024-12-04,52,27,38,18,41
2024-12-05,46,21,39,18,33
2024-12-06,41,19,35,18,32
2024-12-07,42,8,35,15,22
2024-12-08,43,20,35,21,22
2024-12-09,45,16,33,20,26
2024-12-10,49,36,43,22,32
2024-12-11,52,34,39,22,34
2024-12-12,45,28,34,23,35
2024-12-13,41,18,35,18,29
2024-12-14,40,16,39,13,19
2024-12-15,43,17,38,18,28
2024-12-16,48,28,37,17,30
2024-12-17,56,33,39,19,39
2024-12-18,55,36,40,23,45
2024-12-19,50,29,46,24,39
2024-12-20,46,22,38,18,28
2024-12-21,40,18,37,18,22
2024-12-22,44,14,40,23,20
2024-12-23,48,23,40,20,31
2024-12-24,54,38,41,29,39
2024-12-25,51,38,42,23,39
2024-12-26,53,32,40,15,37
2024-12-27,52,24,38,21,31
2024-12-28,44,20,39,19,26
2024-12-29,47,20,38,22,26
2024-12-30,52,27,42,22,35
