product_id,product_name,unit_cost,holding_cost_per_unit,stockout_cost_per_unit,max_storage,shelf_life_days,category
P001,Gạo ST25 (kg),15,0.5,3.0,500,365,Lương thực
P002,Nước suối Aqua (thùng),80,1.0,5.0,200,180,Nước uống
P003,Mì Hảo Hảo (thùng),65,0.8,4.0,300,240,Lương thực
P004,Dầu Neptune (chai),45,0.6,3.0,200,365,Gia vị
P005,Sữa Vinamilk (thùng),120,1.5,7.0,150,30,Sữa
P006,Bia Saigon (thùng),200,2.0,10.0,100,180,Nước uống
P007,Bột giặt OMO (bịch),55,0.7,3.5,250,365,Tẩy rửa
P008,Nước mắm Chinsu (chai),25,0.4,2.0,300,365,Gia vị
P009,Cà phê G7 (hộp),90,1.0,5.0,200,180,Nước uống
P010,Bánh Orion (thùng),110,1.2,6.0,150,120,Bánh kẹo
