date,demand,day_of_week,month
2010-12-01,54,2,12
2010-12-02,62,3,12
2010-12-03,33,4,12
2010-12-04,0,5,12
2010-12-05,33,6,12
2010-12-06,44,0,12
2010-12-07,50,1,12
2010-12-08,46,2,12
2010-12-09,41,3,12
2010-12-10,42,4,12
2010-12-11,0,5,12
2010-12-12,21,6,12
2010-12-13,35,0,12
2010-12-14,41,1,12
2010-12-15,37,2,12
2010-12-16,59,3,12
2010-12-17,34,4,12
2010-12-18,0,5,12
2010-12-19,8,6,12
2010-12-20,31,0,12
2010-12-21,31,1,12
2010-12-22,6,2,12
2010-12-23,11,3,12
2010-12-24,0,4,12
2010-12-25,0,5,12
2010-12-26,0,6,12
2010-12-27,0,0,12
2010-12-28,0,1,12
2010-12-29,0,2,12
2010-12-30,0,3,12
2010-12-31,0,4,12
2011-01-01,0,5,1
2011-01-02,0,6,1
2011-01-03,0,0,1
2011-01-04,17,1,1
2011-01-05,39,2,1
2011-01-06,46,3,1
2011-01-07,34,4,1
2011-01-08,0,5,1
2011-01-09,16,6,1
2011-01-10,26,0,1
2011-01-11,58,1,1
2011-01-12,21,2,1
2011-01-13,20,3,1
2011-01-14,46,4,1
2011-01-15,0,5,1
2011-01-16,8,6,1
2011-01-17,27,0,1
2011-01-18,164,1,1
2011-01-19,34,2,1
2011-01-20,21,3,1
2011-01-21,30,4,1
2011-01-22,0,5,1
2011-01-23,10,6,1
2011-01-24,24,0,1
2011-01-25,31,1,1
2011-01-26,22,2,1
2011-01-27,23,3,1
2011-01-28,36,4,1
2011-01-29,0,5,1
2011-01-30,7,6,1
2011-01-31,27,0,1
2011-02-01,31,1,2
2011-02-02,19,2,2
2011-02-03,34,3,2
2011-02-04,28,4,2
2011-02-05,0,5,2
2011-02-06,4,6,2
2011-02-07,18,0,2
2011-02-08,20,1,2
2011-02-09,14,2,2
2011-02-10,24,3,2
2011-02-11,21,4,2
2011-02-12,0,5,2
2011-02-13,5,6,2
2011-02-14,27,0,2
2011-02-15,45,1,2
2011-02-16,32,2,2
2011-02-17,29,3,2
2011-02-18,18,4,2
2011-02-19,0,5,2
2011-02-20,11,6,2
2011-02-21,43,0,2
2011-02-22,43,1,2
2011-02-23,27,2,2
2011-02-24,24,3,2
2011-02-25,21,4,2
2011-02-26,0,5,2
2011-02-27,10,6,2
2011-02-28,20,0,2
2011-03-01,24,1,3
2011-03-02,17,2,3
2011-03-03,40,3,3
2011-03-04,27,4,3
2011-03-05,0,5,3
2011-03-06,10,6,3
2011-03-07,28,0,3
2011-03-08,29,1,3
2011-03-09,30,2,3
2011-03-10,33,3,3
2011-03-11,22,4,3
2011-03-12,0,5,3
2011-03-13,5,6,3
2011-03-14,33,0,3
2011-03-15,18,1,3
2011-03-16,26,2,3
2011-03-17,42,3,3
2011-03-18,28,4,3
2011-03-19,0,5,3
2011-03-20,28,6,3
2011-03-21,20,0,3
2011-03-22,33,1,3
2011-03-23,29,2,3
2011-03-24,37,3,3
2011-03-25,28,4,3
2011-03-26,0,5,3
2011-03-27,9,6,3
2011-03-28,27,0,3
2011-03-29,65,1,3
2011-03-30,42,2,3
2011-03-31,34,3,3
2011-04-01,37,4,4
2011-04-02,0,5,4
2011-04-03,11,6,4
2011-04-04,28,0,4
2011-04-05,32,1,4
2011-04-06,19,2,4
2011-04-07,21,3,4
2011-04-08,26,4,4
2011-04-09,0,5,4
2011-04-10,11,6,4
2011-04-11,27,0,4
2011-04-12,30,1,4
2011-04-13,37,2,4
2011-04-14,37,3,4
2011-04-15,25,4,4
2011-04-16,0,5,4
2011-04-17,16,6,4
2011-04-18,62,0,4
2011-04-19,29,1,4
2011-04-20,36,2,4
2011-04-21,36,3,4
2011-04-22,0,4,4
2011-04-23,0,5,4
2011-04-24,0,6,4
2011-04-25,0,0,4
2011-04-26,32,1,4
2011-04-27,37,2,4
2011-04-28,27,3,4
2011-04-29,0,4,4
2011-04-30,0,5,4
2011-05-01,8,6,5
2011-05-02,0,0,5
2011-05-03,25,1,5
2011-05-04,34,2,5
2011-05-05,35,3,5
2011-05-06,40,4,5
2011-05-07,0,5,5
2011-05-08,21,6,5
2011-05-09,26,0,5
2011-05-10,39,1,5
2011-05-11,37,2,5
2011-05-12,75,3,5
2011-05-13,30,4,5
2011-05-14,0,5,5
2011-05-15,10,6,5
2011-05-16,32,0,5
2011-05-17,54,1,5
2011-05-18,38,2,5
2011-05-19,36,3,5
2011-05-20,31,4,5
2011-05-21,0,5,5
2011-05-22,25,6,5
2011-05-23,36,0,5
2011-05-24,32,1,5
2011-05-25,29,2,5
2011-05-26,32,3,5
2011-05-27,34,4,5
2011-05-28,0,5,5
2011-05-29,8,6,5
2011-05-30,0,0,5
2011-05-31,23,1,5
2011-06-01,22,2,6
2011-06-02,29,3,6
2011-06-03,15,4,6
2011-06-04,0,5,6
2011-06-05,27,6,6
2011-06-06,19,0,6
2011-06-07,37,1,6
2011-06-08,42,2,6
2011-06-09,64,3,6
2011-06-10,22,4,6
2011-06-11,0,5,6
2011-06-12,19,6,6
2011-06-13,22,0,6
2011-06-14,29,1,6
2011-06-15,61,2,6
2011-06-16,40,3,6
2011-06-17,23,4,6
2011-06-18,0,5,6
2011-06-19,30,6,6
2011-06-20,33,0,6
2011-06-21,28,1,6
2011-06-22,31,2,6
2011-06-23,29,3,6
2011-06-24,20,4,6
2011-06-25,0,5,6
2011-06-26,8,6,6
2011-06-27,20,0,6
2011-06-28,43,1,6
2011-06-29,24,2,6
2011-06-30,44,3,6
2011-07-01,15,4,7
2011-07-02,0,5,7
2011-07-03,6,6,7
2011-07-04,31,0,7
2011-07-05,44,1,7
2011-07-06,38,2,7
2011-07-07,39,3,7
2011-07-08,25,4,7
2011-07-09,0,5,7
2011-07-10,8,6,7
2011-07-11,30,0,7
2011-07-12,28,1,7
2011-07-13,32,2,7
2011-07-14,41,3,7
2011-07-15,15,4,7
2011-07-16,0,5,7
2011-07-17,22,6,7
2011-07-18,30,0,7
2011-07-19,58,1,7
2011-07-20,35,2,7
2011-07-21,40,3,7
2011-07-22,20,4,7
2011-07-23,0,5,7
2011-07-24,35,6,7
2011-07-25,32,0,7
2011-07-26,28,1,7
2011-07-27,28,2,7
2011-07-28,61,3,7
2011-07-29,23,4,7
2011-07-30,0,5,7
2011-07-31,41,6,7
2011-08-01,23,0,8
2011-08-02,31,1,8
2011-08-03,33,2,8
2011-08-04,82,3,8
2011-08-05,25,4,8
2011-08-06,0,5,8
2011-08-07,10,6,8
2011-08-08,27,0,8
2011-08-09,32,1,8
2011-08-10,29,2,8
2011-08-11,80,3,8
2011-08-12,24,4,8
2011-08-13,0,5,8
2011-08-14,6,6,8
2011-08-15,20,0,8
2011-08-16,22,1,8
2011-08-17,51,2,8
2011-08-18,68,3,8
2011-08-19,21,4,8
2011-08-20,0,5,8
2011-08-21,16,6,8
2011-08-22,31,0,8
2011-08-23,30,1,8
2011-08-24,59,2,8
2011-08-25,27,3,8
2011-08-26,36,4,8
2011-08-27,0,5,8
2011-08-28,13,6,8
2011-08-29,0,0,8
2011-08-30,20,1,8
2011-08-31,26,2,8
2011-09-01,55,3,9
2011-09-02,38,4,9
2011-09-03,0,5,9
2011-09-04,22,6,9
2011-09-05,47,0,9
2011-09-06,30,1,9
2011-09-07,32,2,9
2011-09-08,35,3,9
2011-09-09,34,4,9
2011-09-10,0,5,9
2011-09-11,42,6,9
2011-09-12,35,0,9
2011-09-13,73,1,9
2011-09-14,28,2,9
2011-09-15,58,3,9
2011-09-16,32,4,9
2011-09-17,0,5,9
2011-09-18,18,6,9
2011-09-19,58,0,9
2011-09-20,87,1,9
2011-09-21,44,2,9
2011-09-22,66,3,9
2011-09-23,43,4,9
2011-09-24,0,5,9
2011-09-25,39,6,9
2011-09-26,30,0,9
2011-09-27,44,1,9
2011-09-28,51,2,9
2011-09-29,55,3,9
2011-09-30,45,4,9
2011-10-01,0,5,10
2011-10-02,17,6,10
2011-10-03,52,0,10
2011-10-04,51,1,10
2011-10-05,92,2,10
2011-10-06,73,3,10
2011-10-07,62,4,10
2011-10-08,0,5,10
2011-10-09,15,6,10
2011-10-10,52,0,10
2011-10-11,57,1,10
2011-10-12,36,2,10
2011-10-13,38,3,10
2011-10-14,36,4,10
2011-10-15,0,5,10
2011-10-16,17,6,10
2011-10-17,62,0,10
2011-10-18,59,1,10
2011-10-19,38,2,10
2011-10-20,81,3,10
2011-10-21,49,4,10
2011-10-22,0,5,10
2011-10-23,14,6,10
2011-10-24,53,0,10
2011-10-25,54,1,10
2011-10-26,42,2,10
2011-10-27,67,3,10
2011-10-28,48,4,10
2011-10-29,0,5,10
2011-10-30,40,6,10
2011-10-31,43,0,10
2011-11-01,34,1,11
2011-11-02,57,2,11
2011-11-03,69,3,11
2011-11-04,70,4,11
2011-11-05,0,5,11
2011-11-06,46,6,11
2011-11-07,62,0,11
2011-11-08,53,1,11
2011-11-09,76,2,11
2011-11-10,78,3,11
2011-11-11,58,4,11
2011-11-12,0,5,11
2011-11-13,41,6,11
2011-11-14,94,0,11
2011-11-15,61,1,11
2011-11-16,66,2,11
2011-11-17,63,3,11
2011-11-18,48,4,11
2011-11-19,0,5,11
2011-11-20,38,6,11
2011-11-21,51,0,11
2011-11-22,71,1,11
2011-11-23,78,2,11
2011-11-24,53,3,11
2011-11-25,63,4,11
2011-11-26,0,5,11
2011-11-27,22,6,11
2011-11-28,58,0,11
2011-11-29,61,1,11
2011-11-30,57,2,11
2011-12-01,54,3,12
2011-12-02,57,4,12
2011-12-03,0,5,12
2011-12-04,25,6,12
2011-12-05,89,0,12
2011-12-06,60,1,12
2011-12-07,83,2,12
2011-12-08,71,3,12
2011-12-09,186,4,12
